Type,Theme,File,Name,Color,Legend,Labels,Unit,Visible,Status,Provenance,Description,Notes
theme,Future climate space,yale_4/Birds/Bird Species Distribution ALFL rcp45 2071-2100.tif,Bird future: Alder Flycatcher,Blues,continuous,,km2*,FALSE,TRUE,missing,,
theme,Future climate space,yale_4/Birds/Bird Species Distribution AMBI rcp45 2071-2100.tif,Bird future: American Bittern,Blues,continuous,,km2*,FALSE,TRUE,missing,,
theme,Future climate space,yale_4/Birds/Bird Species Distribution AMCO rcp45 2071-2100.tif,Bird future: American Coot,Blues,continuous,,km2*,FALSE,TRUE,missing,,
theme,Future climate space,yale_4/Birds/Bird Species Distribution AMCR rcp45 2071-2100.tif,Bird future: American Crow,Blues,continuous,,km2*,FALSE,TRUE,missing,,
theme,Future climate space,yale_4/Birds/Bird Species Distribution AMDI rcp45 2071-2100.tif,Bird future: American Dipper,Blues,continuous,,km2*,FALSE,TRUE,missing,,
theme,Future climate space,yale_4/Birds/Bird Species Distribution AMGO rcp45 2071-2100.tif,Bird future: American Goldfinch,Blues,continuous,,km2*,FALSE,TRUE,missing,,
theme,Future climate space,yale_4/Birds/Bird Species Distribution AMKE rcp45 2071-2100.tif,Bird future: American Kestrel,Blues,continuous,,km2*,FALSE,TRUE,missing,,
theme,Future climate space,yale_4/Birds/Bird Species Distribution AMPI rcp45 2071-2100.tif,Bird future: American Pipit,Blues,continuous,,km2*,FALSE,TRUE,missing,,
theme,Future climate space,yale_4/Birds/Bird Species Distribution AMRE rcp45 2071-2100.tif,Bird future: American Redstart,Blues,continuous,,km2*,FALSE,TRUE,missing,,
theme,Future climate space,yale_4/Birds/Bird Species Distribution AMRO rcp45 2071-2100.tif,Bird future: American Robin,Blues,continuous,,km2*,FALSE,TRUE,missing,,
theme,Future climate space,yale_4/Birds/Bird Species Distribution AMWI rcp45 2071-2100.tif,Bird future: American Wigeon,Blues,continuous,,km2*,FALSE,TRUE,missing,,
theme,Future climate space,yale_4/Birds/Bird Species Distribution ANHU rcp45 2071-2100.tif,Bird future: Anna's Hummingbird,Blues,continuous,,km2*,FALSE,TRUE,missing,,
theme,Future climate space,yale_4/Birds/Bird Species Distribution ARTE rcp45 2071-2100.tif,Bird future: Arctic Tern,Blues,continuous,,km2*,FALSE,TRUE,missing,,
theme,Future climate space,yale_4/Birds/Bird Species Distribution ATSP rcp45 2071-2100.tif,Bird future: American Tree Sparrow,Blues,continuous,,km2*,FALSE,TRUE,missing,,
theme,Future climate space,yale_4/Birds/Bird Species Distribution ATTW rcp45 2071-2100.tif,Bird future: American Three-toed Woodpecker,Blues,continuous,,km2*,FALSE,TRUE,missing,,
theme,Future climate space,yale_4/Birds/Bird Species Distribution BAEA rcp45 2071-2100.tif,Bird future: Bald Eagle,Blues,continuous,,km2*,FALSE,TRUE,missing,,
theme,Future climate space,yale_4/Birds/Bird Species Distribution BAGO rcp45 2071-2100.tif,Bird future: Barrow's Goldeneye,Blues,continuous,,km2*,FALSE,TRUE,missing,,
theme,Future climate space,yale_4/Birds/Bird Species Distribution BAWW rcp45 2071-2100.tif,Bird future: Black-and-white Warbler,Blues,continuous,,km2*,FALSE,TRUE,missing,,
theme,Future climate space,yale_4/Birds/Bird Species Distribution BBMA rcp45 2071-2100.tif,Bird future: Black-billed Magpie,Blues,continuous,,km2*,FALSE,TRUE,missing,,
theme,Future climate space,yale_4/Birds/Bird Species Distribution BBWO rcp45 2071-2100.tif,Bird future: Black-backed Woodpecker,Blues,continuous,,km2*,FALSE,TRUE,missing,,
theme,Future climate space,yale_4/Birds/Bird Species Distribution BCCH rcp45 2071-2100.tif,Bird future: Black-capped Chickadee,Blues,continuous,,km2*,FALSE,TRUE,missing,,
theme,Future climate space,yale_4/Birds/Bird Species Distribution BCHU rcp45 2071-2100.tif,Bird future: Black-chinned Hummingbird,Blues,continuous,,km2*,FALSE,TRUE,missing,,
theme,Future climate space,yale_4/Birds/Bird Species Distribution BEKI rcp45 2071-2100.tif,Bird future: Belted Kingfisher,Blues,continuous,,km2*,FALSE,TRUE,missing,,
theme,Future climate space,yale_4/Birds/Bird Species Distribution BEWR rcp45 2071-2100.tif,Bird future: Bewick's Wren,Blues,continuous,,km2*,FALSE,TRUE,missing,,
theme,Future climate space,yale_4/Birds/Bird Species Distribution BHCO rcp45 2071-2100.tif,Bird future: Brown-headed Cowbird,Blues,continuous,,km2*,FALSE,TRUE,missing,,
theme,Future climate space,yale_4/Birds/Bird Species Distribution BHGR rcp45 2071-2100.tif,Bird future: Black-headed Grosbeak,Blues,continuous,,km2*,FALSE,TRUE,missing,,
theme,Future climate space,yale_4/Birds/Bird Species Distribution BHVI rcp45 2071-2100.tif,Bird future: Blue-headed Vireo,Blues,continuous,,km2*,FALSE,TRUE,missing,,
theme,Future climate space,yale_4/Birds/Bird Species Distribution BLJA rcp45 2071-2100.tif,Bird future: Blue Jay,Blues,continuous,,km2*,FALSE,TRUE,missing,,
theme,Future climate space,yale_4/Birds/Bird Species Distribution BLOY rcp45 2071-2100.tif,Bird future: Black Oystercatcher,Blues,continuous,,km2*,FALSE,TRUE,missing,,
theme,Future climate space,yale_4/Birds/Bird Species Distribution BLSW rcp45 2071-2100.tif,Bird future: Black Swift,Blues,continuous,,km2*,FALSE,TRUE,missing,,
theme,Future climate space,yale_4/Birds/Bird Species Distribution BLTE rcp45 2071-2100.tif,Bird future: Black Tern,Blues,continuous,,km2*,FALSE,TRUE,missing,,
theme,Future climate space,yale_4/Birds/Bird Species Distribution BOCH rcp45 2071-2100.tif,Bird future: Boreal Chickadee,Blues,continuous,,km2*,FALSE,TRUE,missing,,
theme,Future climate space,yale_4/Birds/Bird Species Distribution BOGU rcp45 2071-2100.tif,Bird future: Bonaparte's Gull,Blues,continuous,,km2*,FALSE,TRUE,missing,,
theme,Future climate space,yale_4/Birds/Bird Species Distribution BOOW rcp45 2071-2100.tif,Bird future: Boreal Owl,Blues,continuous,,km2*,FALSE,TRUE,missing,,
theme,Future climate space,yale_4/Birds/Bird Species Distribution BOWA rcp45 2071-2100.tif,Bird future: Bohemian Waxwing,Blues,continuous,,km2*,FALSE,TRUE,missing,,
theme,Future climate space,yale_4/Birds/Bird Species Distribution BRBL rcp45 2071-2100.tif,Bird future: Brewer's Blackbird,Blues,continuous,,km2*,FALSE,TRUE,missing,,
theme,Future climate space,yale_4/Birds/Bird Species Distribution BRCR rcp45 2071-2100.tif,Bird future: Brown Creeper,Blues,continuous,,km2*,FALSE,TRUE,missing,,
theme,Future climate space,yale_4/Birds/Bird Species Distribution BTNW rcp45 2071-2100.tif,Bird future: Black-throated Green Warbler,Blues,continuous,,km2*,FALSE,TRUE,missing,,
theme,Future climate space,yale_4/Birds/Bird Species Distribution BTPI rcp45 2071-2100.tif,Bird future: Band-tailed Pigeon,Blues,continuous,,km2*,FALSE,TRUE,missing,,
theme,Future climate space,yale_4/Birds/Bird Species Distribution BUFF rcp45 2071-2100.tif,Bird future: Bufflehead,Blues,continuous,,km2*,FALSE,TRUE,missing,,
theme,Future climate space,yale_4/Birds/Bird Species Distribution BUOR rcp45 2071-2100.tif,Bird future: Bullock's Oriole,Blues,continuous,,km2*,FALSE,TRUE,missing,,
theme,Future climate space,yale_4/Birds/Bird Species Distribution BUSH rcp45 2071-2100.tif,Bird future: Bushtit,Blues,continuous,,km2*,FALSE,TRUE,missing,,
theme,Future climate space,yale_4/Birds/Bird Species Distribution BWHA rcp45 2071-2100.tif,Bird future: Broad-winged Hawk,Blues,continuous,,km2*,FALSE,TRUE,missing,,
theme,Future climate space,yale_4/Birds/Bird Species Distribution BWTE rcp45 2071-2100.tif,Bird future: Blue-winged Teal,Blues,continuous,,km2*,FALSE,TRUE,missing,,
theme,Future climate space,yale_4/Birds/Bird Species Distribution CAFI rcp45 2071-2100.tif,Bird future: Cassin's Finch,Blues,continuous,,km2*,FALSE,TRUE,missing,,
theme,Future climate space,yale_4/Birds/Bird Species Distribution CAHU rcp45 2071-2100.tif,Bird future: Calliope Hummingbird,Blues,continuous,,km2*,FALSE,TRUE,missing,,
theme,Future climate space,yale_4/Birds/Bird Species Distribution CAQU rcp45 2071-2100.tif,Bird future: California Quail,Blues,continuous,,km2*,FALSE,TRUE,missing,,
theme,Future climate space,yale_4/Birds/Bird Species Distribution CAVI rcp45 2071-2100.tif,Bird future: Cassin's Vireo,Blues,continuous,,km2*,FALSE,TRUE,missing,,
theme,Future climate space,yale_4/Birds/Bird Species Distribution CAWA rcp45 2071-2100.tif,Bird future: Canada Warbler,Blues,continuous,,km2*,FALSE,TRUE,missing,,
theme,Future climate space,yale_4/Birds/Bird Species Distribution CBCH rcp45 2071-2100.tif,Bird future: Chestnut-backed Chickadee,Blues,continuous,,km2*,FALSE,TRUE,missing,,
theme,Future climate space,yale_4/Birds/Bird Species Distribution CCSP rcp45 2071-2100.tif,Bird future: Clay-colored Sparrow,Blues,continuous,,km2*,FALSE,TRUE,missing,,
theme,Future climate space,yale_4/Birds/Bird Species Distribution CHSP rcp45 2071-2100.tif,Bird future: Chipping Sparrow,Blues,continuous,,km2*,FALSE,TRUE,missing,,
theme,Future climate space,yale_4/Birds/Bird Species Distribution CITE rcp45 2071-2100.tif,Bird future: Cinnamon Teal,Blues,continuous,,km2*,FALSE,TRUE,missing,,
theme,Future climate space,yale_4/Birds/Bird Species Distribution CLNU rcp45 2071-2100.tif,Bird future: Clark's Nutcracker,Blues,continuous,,km2*,FALSE,TRUE,missing,,
theme,Future climate space,yale_4/Birds/Bird Species Distribution CLSW rcp45 2071-2100.tif,Bird future: Cliff Swallow,Blues,continuous,,km2*,FALSE,TRUE,missing,,
theme,Future climate space,yale_4/Birds/Bird Species Distribution CMWA rcp45 2071-2100.tif,Bird future: Cape May Warbler,Blues,continuous,,km2*,FALSE,TRUE,missing,,
theme,Future climate space,yale_4/Birds/Bird Species Distribution COGO rcp45 2071-2100.tif,Bird future: Common Goldeneye,Blues,continuous,,km2*,FALSE,TRUE,missing,,
theme,Future climate space,yale_4/Birds/Bird Species Distribution COGR rcp45 2071-2100.tif,Bird future: Common Grackle,Blues,continuous,,km2*,FALSE,TRUE,missing,,
theme,Future climate space,yale_4/Birds/Bird Species Distribution COHA rcp45 2071-2100.tif,Bird future: Cooper's Hawk,Blues,continuous,,km2*,FALSE,TRUE,missing,,
theme,Future climate space,yale_4/Birds/Bird Species Distribution COLO rcp45 2071-2100.tif,Bird future: Common Loon,Blues,continuous,,km2*,FALSE,TRUE,missing,,
theme,Future climate space,yale_4/Birds/Bird Species Distribution COME rcp45 2071-2100.tif,Bird future: Common Merganser,Blues,continuous,,km2*,FALSE,TRUE,missing,,
theme,Future climate space,yale_4/Birds/Bird Species Distribution CONI rcp45 2071-2100.tif,Bird future: Common Nighthawk,Blues,continuous,,km2*,FALSE,TRUE,missing,,
theme,Future climate space,yale_4/Birds/Bird Species Distribution COPO rcp45 2071-2100.tif,Bird future: Common Poorwill,Blues,continuous,,km2*,FALSE,TRUE,missing,,
theme,Future climate space,yale_4/Birds/Bird Species Distribution CORA rcp45 2071-2100.tif,Bird future: Common Raven,Blues,continuous,,km2*,FALSE,TRUE,missing,,
theme,Future climate space,yale_4/Birds/Bird Species Distribution CORE rcp45 2071-2100.tif,Bird future: Common Redpoll,Blues,continuous,,km2*,FALSE,TRUE,missing,,
theme,Future climate space,yale_4/Birds/Bird Species Distribution COYE rcp45 2071-2100.tif,Bird future: Common Yellowthroat,Blues,continuous,,km2*,FALSE,TRUE,missing,,
theme,Future climate space,yale_4/Birds/Bird Species Distribution DEJU rcp45 2071-2100.tif,Bird future: Dark-eyed Junco,Blues,continuous,,km2*,FALSE,TRUE,missing,,
theme,Future climate space,yale_4/Birds/Bird Species Distribution DOWO rcp45 2071-2100.tif,Bird future: Downy Woodpecker,Blues,continuous,,km2*,FALSE,TRUE,missing,,
theme,Future climate space,yale_4/Birds/Bird Species Distribution DUFL rcp45 2071-2100.tif,Bird future: Dusky Flycatcher,Blues,continuous,,km2*,FALSE,TRUE,missing,,
theme,Future climate space,yale_4/Birds/Bird Species Distribution DUGR rcp45 2071-2100.tif,Bird future: Dusky Grouse,Blues,continuous,,km2*,FALSE,TRUE,missing,,
theme,Future climate space,yale_4/Birds/Bird Species Distribution EAGR rcp45 2071-2100.tif,Bird future: Eared Grebe,Blues,continuous,,km2*,FALSE,TRUE,missing,,
theme,Future climate space,yale_4/Birds/Bird Species Distribution EAKI rcp45 2071-2100.tif,Bird future: Eastern Kingbird,Blues,continuous,,km2*,FALSE,TRUE,missing,,
theme,Future climate space,yale_4/Birds/Bird Species Distribution EAPH rcp45 2071-2100.tif,Bird future: Eastern Phoebe,Blues,continuous,,km2*,FALSE,TRUE,missing,,
theme,Future climate space,yale_4/Birds/Bird Species Distribution EUST rcp45 2071-2100.tif,Bird future: European Starling,Blues,continuous,,km2*,FALSE,TRUE,missing,,
theme,Future climate space,yale_4/Birds/Bird Species Distribution EVGR rcp45 2071-2100.tif,Bird future: Evening Grosbeak,Blues,continuous,,km2*,FALSE,TRUE,missing,,
theme,Future climate space,yale_4/Birds/Bird Species Distribution FOSP rcp45 2071-2100.tif,Bird future: Fox Sparrow,Blues,continuous,,km2*,FALSE,TRUE,missing,,
theme,Future climate space,yale_4/Birds/Bird Species Distribution GADW rcp45 2071-2100.tif,Bird future: Gadwall,Blues,continuous,,km2*,FALSE,TRUE,missing,,
theme,Future climate space,yale_4/Birds/Bird Species Distribution GBHE rcp45 2071-2100.tif,Bird future: Great Blue Heron,Blues,continuous,,km2*,FALSE,TRUE,missing,,
theme,Future climate space,yale_4/Birds/Bird Species Distribution GCKI rcp45 2071-2100.tif,Bird future: Golden-crowned Kinglet,Blues,continuous,,km2*,FALSE,TRUE,missing,,
theme,Future climate space,yale_4/Birds/Bird Species Distribution GCRF rcp45 2071-2100.tif,Bird future: Gray-crowned Rosy-Finch,Blues,continuous,,km2*,FALSE,TRUE,missing,,
theme,Future climate space,yale_4/Birds/Bird Species Distribution GCSP rcp45 2071-2100.tif,Bird future: Golden-crowned Sparrow,Blues,continuous,,km2*,FALSE,TRUE,missing,,
theme,Future climate space,yale_4/Birds/Bird Species Distribution GCTH rcp45 2071-2100.tif,Bird future: Gray-cheeked Thrush,Blues,continuous,,km2*,FALSE,TRUE,missing,,
theme,Future climate space,yale_4/Birds/Bird Species Distribution GHOW rcp45 2071-2100.tif,Bird future: Great Horned Owl,Blues,continuous,,km2*,FALSE,TRUE,missing,,
theme,Future climate space,yale_4/Birds/Bird Species Distribution GOEA rcp45 2071-2100.tif,Bird future: Golden Eagle,Blues,continuous,,km2*,FALSE,TRUE,missing,,
theme,Future climate space,yale_4/Birds/Bird Species Distribution GRCA rcp45 2071-2100.tif,Bird future: Gray Catbird,Blues,continuous,,km2*,FALSE,TRUE,missing,,
theme,Future climate space,yale_4/Birds/Bird Species Distribution GRJA rcp45 2071-2100.tif,Bird future: Gray Jay,Blues,continuous,,km2*,FALSE,TRUE,missing,,
theme,Future climate space,yale_4/Birds/Bird Species Distribution GRYE rcp45 2071-2100.tif,Bird future: Greater Yellowlegs,Blues,continuous,,km2*,FALSE,TRUE,missing,,
theme,Future climate space,yale_4/Birds/Bird Species Distribution GWGU rcp45 2071-2100.tif,Bird future: Glaucous-winged Gull,Blues,continuous,,km2*,FALSE,TRUE,missing,,
theme,Future climate space,yale_4/Birds/Bird Species Distribution GWTE rcp45 2071-2100.tif,Bird future: Green-winged Teal,Blues,continuous,,km2*,FALSE,TRUE,missing,,
theme,Future climate space,yale_4/Birds/Bird Species Distribution HADU rcp45 2071-2100.tif,Bird future: Harlequin Duck,Blues,continuous,,km2*,FALSE,TRUE,missing,,
theme,Future climate space,yale_4/Birds/Bird Species Distribution HAFL rcp45 2071-2100.tif,Bird future: Hammond's Flycatcher,Blues,continuous,,km2*,FALSE,TRUE,missing,,
theme,Future climate space,yale_4/Birds/Bird Species Distribution HAWO rcp45 2071-2100.tif,Bird future: Hairy Woodpecker,Blues,continuous,,km2*,FALSE,TRUE,missing,,
theme,Future climate space,yale_4/Birds/Bird Species Distribution HETH rcp45 2071-2100.tif,Bird future: Hermit Thrush,Blues,continuous,,km2*,FALSE,TRUE,missing,,
theme,Future climate space,yale_4/Birds/Bird Species Distribution HOFI rcp45 2071-2100.tif,Bird future: House Finch,Blues,continuous,,km2*,FALSE,TRUE,missing,,
theme,Future climate space,yale_4/Birds/Bird Species Distribution HOGR rcp45 2071-2100.tif,Bird future: Horned Grebe,Blues,continuous,,km2*,FALSE,TRUE,missing,,
theme,Future climate space,yale_4/Birds/Bird Species Distribution HOLA rcp45 2071-2100.tif,Bird future: Horned Lark,Blues,continuous,,km2*,FALSE,TRUE,missing,,
theme,Future climate space,yale_4/Birds/Bird Species Distribution HOME rcp45 2071-2100.tif,Bird future: Hooded Merganser,Blues,continuous,,km2*,FALSE,TRUE,missing,,
theme,Future climate space,yale_4/Birds/Bird Species Distribution HOSP rcp45 2071-2100.tif,Bird future: House Sparrow,Blues,continuous,,km2*,FALSE,TRUE,missing,,
theme,Future climate space,yale_4/Birds/Bird Species Distribution HOWR rcp45 2071-2100.tif,Bird future: House Wren,Blues,continuous,,km2*,FALSE,TRUE,missing,,
theme,Future climate space,yale_4/Birds/Bird Species Distribution HUVI rcp45 2071-2100.tif,Bird future: Hutton's Vireo,Blues,continuous,,km2*,FALSE,TRUE,missing,,
theme,Future climate space,yale_4/Birds/Bird Species Distribution KILL rcp45 2071-2100.tif,Bird future: Killdeer,Blues,continuous,,km2*,FALSE,TRUE,missing,,
theme,Future climate space,yale_4/Birds/Bird Species Distribution LASP rcp45 2071-2100.tif,Bird future: Lark Sparrow,Blues,continuous,,km2*,FALSE,TRUE,missing,,
theme,Future climate space,yale_4/Birds/Bird Species Distribution LBCU rcp45 2071-2100.tif,Bird future: Long-billed Curlew,Blues,continuous,,km2*,FALSE,TRUE,missing,,
theme,Future climate space,yale_4/Birds/Bird Species Distribution LCSP rcp45 2071-2100.tif,Bird future: Le Conte's Sparrow,Blues,continuous,,km2*,FALSE,TRUE,missing,,
theme,Future climate space,yale_4/Birds/Bird Species Distribution LEFL rcp45 2071-2100.tif,Bird future: Least Flycatcher,Blues,continuous,,km2*,FALSE,TRUE,missing,,
theme,Future climate space,yale_4/Birds/Bird Species Distribution LESC rcp45 2071-2100.tif,Bird future: Lesser Scaup,Blues,continuous,,km2*,FALSE,TRUE,missing,,
theme,Future climate space,yale_4/Birds/Bird Species Distribution LEWO rcp45 2071-2100.tif,Bird future: Lewis's Woodpecker,Blues,continuous,,km2*,FALSE,TRUE,missing,,
theme,Future climate space,yale_4/Birds/Bird Species Distribution LEYE rcp45 2071-2100.tif,Bird future: Lesser Yellowlegs,Blues,continuous,,km2*,FALSE,TRUE,missing,,
theme,Future climate space,yale_4/Birds/Bird Species Distribution LISP rcp45 2071-2100.tif,Bird future: Lincoln's Sparrow,Blues,continuous,,km2*,FALSE,TRUE,missing,,
theme,Future climate space,yale_4/Birds/Bird Species Distribution MALL rcp45 2071-2100.tif,Bird future: Mallard,Blues,continuous,,km2*,FALSE,TRUE,missing,,
theme,Future climate space,yale_4/Birds/Bird Species Distribution MAMU rcp45 2071-2100.tif,Bird future: Marbled Murrelet,Blues,continuous,,km2*,FALSE,TRUE,missing,,
theme,Future climate space,yale_4/Birds/Bird Species Distribution MAWR rcp45 2071-2100.tif,Bird future: Marsh Wren,Blues,continuous,,km2*,FALSE,TRUE,missing,,
theme,Future climate space,yale_4/Birds/Bird Species Distribution MEGU rcp45 2071-2100.tif,Bird future: Mew Gull,Blues,continuous,,km2*,FALSE,TRUE,missing,,
theme,Future climate space,yale_4/Birds/Bird Species Distribution MERL rcp45 2071-2100.tif,Bird future: Merlin,Blues,continuous,,km2*,FALSE,TRUE,missing,,
theme,Future climate space,yale_4/Birds/Bird Species Distribution MOBL rcp45 2071-2100.tif,Bird future: Mountain Bluebird,Blues,continuous,,km2*,FALSE,TRUE,missing,,
theme,Future climate space,yale_4/Birds/Bird Species Distribution MOCH rcp45 2071-2100.tif,Bird future: Mountain Chickadee,Blues,continuous,,km2*,FALSE,TRUE,missing,,
theme,Future climate space,yale_4/Birds/Bird Species Distribution MODO rcp45 2071-2100.tif,Bird future: Mourning Dove,Blues,continuous,,km2*,FALSE,TRUE,missing,,
theme,Future climate space,yale_4/Birds/Bird Species Distribution MOWA rcp45 2071-2100.tif,Bird future: Mourning Warbler,Blues,continuous,,km2*,FALSE,TRUE,missing,,
theme,Future climate space,yale_4/Birds/Bird Species Distribution NAWA rcp45 2071-2100.tif,Bird future: Nashville Warbler,Blues,continuous,,km2*,FALSE,TRUE,missing,,
theme,Future climate space,yale_4/Birds/Bird Species Distribution NOCR rcp45 2071-2100.tif,Bird future: Northwestern Crow,Blues,continuous,,km2*,FALSE,TRUE,missing,,
theme,Future climate space,yale_4/Birds/Bird Species Distribution NOFL rcp45 2071-2100.tif,Bird future: Northern Flicker,Blues,continuous,,km2*,FALSE,TRUE,missing,,
theme,Future climate space,yale_4/Birds/Bird Species Distribution NOGO rcp45 2071-2100.tif,Bird future: Northern Goshawk,Blues,continuous,,km2*,FALSE,TRUE,missing,,
theme,Future climate space,yale_4/Birds/Bird Species Distribution NOHA rcp45 2071-2100.tif,Bird future: Northern Harrier,Blues,continuous,,km2*,FALSE,TRUE,missing,,
theme,Future climate space,yale_4/Birds/Bird Species Distribution NOPI rcp45 2071-2100.tif,Bird future: Northern Pintail,Blues,continuous,,km2*,FALSE,TRUE,missing,,
theme,Future climate space,yale_4/Birds/Bird Species Distribution NOWA rcp45 2071-2100.tif,Bird future: Northern Waterthrush,Blues,continuous,,km2*,FALSE,TRUE,missing,,
theme,Future climate space,yale_4/Birds/Bird Species Distribution NRWS rcp45 2071-2100.tif,Bird future: Northern Rough-winged Swallow,Blues,continuous,,km2*,FALSE,TRUE,missing,,
theme,Future climate space,yale_4/Birds/Bird Species Distribution NSWO rcp45 2071-2100.tif,Bird future: Northern Saw-whet Owl,Blues,continuous,,km2*,FALSE,TRUE,missing,,
theme,Future climate space,yale_4/Birds/Bird Species Distribution OCWA rcp45 2071-2100.tif,Bird future: Orange-crowned Warbler,Blues,continuous,,km2*,FALSE,TRUE,missing,,
theme,Future climate space,yale_4/Birds/Bird Species Distribution OSFL rcp45 2071-2100.tif,Bird future: Olive-sided Flycatcher,Blues,continuous,,km2*,FALSE,TRUE,missing,,
theme,Future climate space,yale_4/Birds/Bird Species Distribution OSPR rcp45 2071-2100.tif,Bird future: Osprey,Blues,continuous,,km2*,FALSE,TRUE,missing,,
theme,Future climate space,yale_4/Birds/Bird Species Distribution OVEN rcp45 2071-2100.tif,Bird future: Ovenbird,Blues,continuous,,km2*,FALSE,TRUE,missing,,
theme,Future climate space,yale_4/Birds/Bird Species Distribution PAWA rcp45 2071-2100.tif,Bird future: Palm Warbler,Blues,continuous,,km2*,FALSE,TRUE,missing,,
theme,Future climate space,yale_4/Birds/Bird Species Distribution PAWR rcp45 2071-2100.tif,Bird future: Pacific Wren,Blues,continuous,,km2*,FALSE,TRUE,missing,,
theme,Future climate space,yale_4/Birds/Bird Species Distribution PBGR rcp45 2071-2100.tif,Bird future: Pied-billed Grebe,Blues,continuous,,km2*,FALSE,TRUE,missing,,
theme,Future climate space,yale_4/Birds/Bird Species Distribution PECO rcp45 2071-2100.tif,Bird future: Pelagic Cormorant,Blues,continuous,,km2*,FALSE,TRUE,missing,,
theme,Future climate space,yale_4/Birds/Bird Species Distribution PEFA rcp45 2071-2100.tif,Bird future: Peregrine Falcon,Blues,continuous,,km2*,FALSE,TRUE,missing,,
theme,Future climate space,yale_4/Birds/Bird Species Distribution PHVI rcp45 2071-2100.tif,Bird future: Philadelphia Vireo,Blues,continuous,,km2*,FALSE,TRUE,missing,,
theme,Future climate space,yale_4/Birds/Bird Species Distribution PIGR rcp45 2071-2100.tif,Bird future: Pine Grosbeak,Blues,continuous,,km2*,FALSE,TRUE,missing,,
theme,Future climate space,yale_4/Birds/Bird Species Distribution PIGU rcp45 2071-2100.tif,Bird future: Pigeon Guillemot,Blues,continuous,,km2*,FALSE,TRUE,missing,,
theme,Future climate space,yale_4/Birds/Bird Species Distribution PISI rcp45 2071-2100.tif,Bird future: Pine Siskin,Blues,continuous,,km2*,FALSE,TRUE,missing,,
theme,Future climate space,yale_4/Birds/Bird Species Distribution PIWO rcp45 2071-2100.tif,Bird future: Pileated Woodpecker,Blues,continuous,,km2*,FALSE,TRUE,missing,,
theme,Future climate space,yale_4/Birds/Bird Species Distribution PSFL rcp45 2071-2100.tif,Bird future: Pacific-slope Flycatcher,Blues,continuous,,km2*,FALSE,TRUE,missing,,
theme,Future climate space,yale_4/Birds/Bird Species Distribution PUFI rcp45 2071-2100.tif,Bird future: Purple Finch,Blues,continuous,,km2*,FALSE,TRUE,missing,,
theme,Future climate space,yale_4/Birds/Bird Species Distribution PUMA rcp45 2071-2100.tif,Bird future: Purple Martin,Blues,continuous,,km2*,FALSE,TRUE,missing,,
theme,Future climate space,yale_4/Birds/Bird Species Distribution PYNU rcp45 2071-2100.tif,Bird future: Pygmy Nuthatch,Blues,continuous,,km2*,FALSE,TRUE,missing,,
theme,Future climate space,yale_4/Birds/Bird Species Distribution RBGR rcp45 2071-2100.tif,Bird future: Rose-breasted Grosbeak,Blues,continuous,,km2*,FALSE,TRUE,missing,,
theme,Future climate space,yale_4/Birds/Bird Species Distribution RBNU rcp45 2071-2100.tif,Bird future: Red-breasted Nuthatch,Blues,continuous,,km2*,FALSE,TRUE,missing,,
theme,Future climate space,yale_4/Birds/Bird Species Distribution RBSA rcp45 2071-2100.tif,Bird future: Red-breasted Sapsucker,Blues,continuous,,km2*,FALSE,TRUE,missing,,
theme,Future climate space,yale_4/Birds/Bird Species Distribution RCKI rcp45 2071-2100.tif,Bird future: Ruby-crowned Kinglet,Blues,continuous,,km2*,FALSE,TRUE,missing,,
theme,Future climate space,yale_4/Birds/Bird Species Distribution RECR rcp45 2071-2100.tif,Bird future: Red Crossbill,Blues,continuous,,km2*,FALSE,TRUE,missing,,
theme,Future climate space,yale_4/Birds/Bird Species Distribution REDH rcp45 2071-2100.tif,Bird future: Redhead,Blues,continuous,,km2*,FALSE,TRUE,missing,,
theme,Future climate space,yale_4/Birds/Bird Species Distribution REVI rcp45 2071-2100.tif,Bird future: Red-eyed Vireo,Blues,continuous,,km2*,FALSE,TRUE,missing,,
theme,Future climate space,yale_4/Birds/Bird Species Distribution RNDU rcp45 2071-2100.tif,Bird future: Ring-necked Duck,Blues,continuous,,km2*,FALSE,TRUE,missing,,
theme,Future climate space,yale_4/Birds/Bird Species Distribution RNGR rcp45 2071-2100.tif,Bird future: Red-necked Grebe,Blues,continuous,,km2*,FALSE,TRUE,missing,,
theme,Future climate space,yale_4/Birds/Bird Species Distribution RNPH rcp45 2071-2100.tif,Bird future: Ring-necked Pheasant,Blues,continuous,,km2*,FALSE,TRUE,missing,,
theme,Future climate space,yale_4/Birds/Bird Species Distribution RNSA rcp45 2071-2100.tif,Bird future: Red-naped Sapsucker,Blues,continuous,,km2*,FALSE,TRUE,missing,,
theme,Future climate space,yale_4/Birds/Bird Species Distribution ROPI rcp45 2071-2100.tif,Bird future: Rock Pigeon,Blues,continuous,,km2*,FALSE,TRUE,missing,,
theme,Future climate space,yale_4/Birds/Bird Species Distribution ROPT rcp45 2071-2100.tif,Bird future: Rock Ptarmigan,Blues,continuous,,km2*,FALSE,TRUE,missing,,
theme,Future climate space,yale_4/Birds/Bird Species Distribution ROWR rcp45 2071-2100.tif,Bird future: Rock Wren,Blues,continuous,,km2*,FALSE,TRUE,missing,,
theme,Future climate space,yale_4/Birds/Bird Species Distribution RTHA rcp45 2071-2100.tif,Bird future: Red-tailed Hawk,Blues,continuous,,km2*,FALSE,TRUE,missing,,
theme,Future climate space,yale_4/Birds/Bird Species Distribution RTLO rcp45 2071-2100.tif,Bird future: Red-throated Loon,Blues,continuous,,km2*,FALSE,TRUE,missing,,
theme,Future climate space,yale_4/Birds/Bird Species Distribution RUBL rcp45 2071-2100.tif,Bird future: Rusty Blackbird,Blues,continuous,,km2*,FALSE,TRUE,missing,,
theme,Future climate space,yale_4/Birds/Bird Species Distribution RUDU rcp45 2071-2100.tif,Bird future: Ruddy Duck,Blues,continuous,,km2*,FALSE,TRUE,missing,,
theme,Future climate space,yale_4/Birds/Bird Species Distribution RUGR rcp45 2071-2100.tif,Bird future: Ruffed Grouse,Blues,continuous,,km2*,FALSE,TRUE,missing,,
theme,Future climate space,yale_4/Birds/Bird Species Distribution RUHU rcp45 2071-2100.tif,Bird future: Rufous Hummingbird,Blues,continuous,,km2*,FALSE,TRUE,missing,,
theme,Future climate space,yale_4/Birds/Bird Species Distribution RWBL rcp45 2071-2100.tif,Bird future: Red-winged Blackbird,Blues,continuous,,km2*,FALSE,TRUE,missing,,
theme,Future climate space,yale_4/Birds/Bird Species Distribution SACR rcp45 2071-2100.tif,Bird future: Sandhill Crane,Blues,continuous,,km2*,FALSE,TRUE,missing,,
theme,Future climate space,yale_4/Birds/Bird Species Distribution SAPH rcp45 2071-2100.tif,Bird future: Say's Phoebe,Blues,continuous,,km2*,FALSE,TRUE,missing,,
theme,Future climate space,yale_4/Birds/Bird Species Distribution SAVS rcp45 2071-2100.tif,Bird future: Savannah Sparrow,Blues,continuous,,km2*,FALSE,TRUE,missing,,
theme,Future climate space,yale_4/Birds/Bird Species Distribution SORA rcp45 2071-2100.tif,Bird future: Sora,Blues,continuous,,km2*,FALSE,TRUE,missing,,
theme,Future climate space,yale_4/Birds/Bird Species Distribution SOSA rcp45 2071-2100.tif,Bird future: Solitary Sandpiper,Blues,continuous,,km2*,FALSE,TRUE,missing,,
theme,Future climate space,yale_4/Birds/Bird Species Distribution SOSP rcp45 2071-2100.tif,Bird future: Song Sparrow,Blues,continuous,,km2*,FALSE,TRUE,missing,,
theme,Future climate space,yale_4/Birds/Bird Species Distribution SPGR rcp45 2071-2100.tif,Bird future: Spruce Grouse,Blues,continuous,,km2*,FALSE,TRUE,missing,,
theme,Future climate space,yale_4/Birds/Bird Species Distribution SPSA rcp45 2071-2100.tif,Bird future: Spotted Sandpiper,Blues,continuous,,km2*,FALSE,TRUE,missing,,
theme,Future climate space,yale_4/Birds/Bird Species Distribution SPTO rcp45 2071-2100.tif,Bird future: Spotted Towhee,Blues,continuous,,km2*,FALSE,TRUE,missing,,
theme,Future climate space,yale_4/Birds/Bird Species Distribution SSHA rcp45 2071-2100.tif,Bird future: Sharp-shinned Hawk,Blues,continuous,,km2*,FALSE,TRUE,missing,,
theme,Future climate space,yale_4/Birds/Bird Species Distribution STGR rcp45 2071-2100.tif,Bird future: Sharp-tailed Grouse,Blues,continuous,,km2*,FALSE,TRUE,missing,,
theme,Future climate space,yale_4/Birds/Bird Species Distribution STJA rcp45 2071-2100.tif,Bird future: Steller's Jay,Blues,continuous,,km2*,FALSE,TRUE,missing,,
theme,Future climate space,yale_4/Birds/Bird Species Distribution SWHA rcp45 2071-2100.tif,Bird future: Swainson's Hawk,Blues,continuous,,km2*,FALSE,TRUE,missing,,
theme,Future climate space,yale_4/Birds/Bird Species Distribution SWSP rcp45 2071-2100.tif,Bird future: Swamp Sparrow,Blues,continuous,,km2*,FALSE,TRUE,missing,,
theme,Future climate space,yale_4/Birds/Bird Species Distribution SWTH rcp45 2071-2100.tif,Bird future: Swainson's Thrush,Blues,continuous,,km2*,FALSE,TRUE,missing,,
theme,Future climate space,yale_4/Birds/Bird Species Distribution TEWA rcp45 2071-2100.tif,Bird future: Tennessee Warbler,Blues,continuous,,km2*,FALSE,TRUE,missing,,
theme,Future climate space,yale_4/Birds/Bird Species Distribution TOSO rcp45 2071-2100.tif,Bird future: Townsend's Solitaire,Blues,continuous,,km2*,FALSE,TRUE,missing,,
theme,Future climate space,yale_4/Birds/Bird Species Distribution TOWA rcp45 2071-2100.tif,Bird future: Townsend's Warbler,Blues,continuous,,km2*,FALSE,TRUE,missing,,
theme,Future climate space,yale_4/Birds/Bird Species Distribution TRUS rcp45 2071-2100.tif,Bird future: Trumpeter Swan,Blues,continuous,,km2*,FALSE,TRUE,missing,,
theme,Future climate space,yale_4/Birds/Bird Species Distribution TUVU rcp45 2071-2100.tif,Bird future: Turkey Vulture,Blues,continuous,,km2*,FALSE,TRUE,missing,,
theme,Future climate space,yale_4/Birds/Bird Species Distribution UPSA rcp45 2071-2100.tif,Bird future: Upland Sandpiper,Blues,continuous,,km2*,FALSE,TRUE,missing,,
theme,Future climate space,yale_4/Birds/Bird Species Distribution VASW rcp45 2071-2100.tif,Bird future: Vaux's Swift,Blues,continuous,,km2*,FALSE,TRUE,missing,,
theme,Future climate space,yale_4/Birds/Bird Species Distribution VATH rcp45 2071-2100.tif,Bird future: Varied Thrush,Blues,continuous,,km2*,FALSE,TRUE,missing,,
theme,Future climate space,yale_4/Birds/Bird Species Distribution VEER rcp45 2071-2100.tif,Bird future: Veery,Blues,continuous,,km2*,FALSE,TRUE,missing,,
theme,Future climate space,yale_4/Birds/Bird Species Distribution VESP rcp45 2071-2100.tif,Bird future: Vesper Sparrow,Blues,continuous,,km2*,FALSE,TRUE,missing,,
theme,Future climate space,yale_4/Birds/Bird Species Distribution VGSW rcp45 2071-2100.tif,Bird future: Violet-green Swallow,Blues,continuous,,km2*,FALSE,TRUE,missing,,
theme,Future climate space,yale_4/Birds/Bird Species Distribution VIRA rcp45 2071-2100.tif,Bird future: Virginia Rail,Blues,continuous,,km2*,FALSE,TRUE,missing,,
theme,Future climate space,yale_4/Birds/Bird Species Distribution WAVI rcp45 2071-2100.tif,Bird future: Warbling Vireo,Blues,continuous,,km2*,FALSE,TRUE,missing,,
theme,Future climate space,yale_4/Birds/Bird Species Distribution WBNU rcp45 2071-2100.tif,Bird future: White-breasted Nuthatch,Blues,continuous,,km2*,FALSE,TRUE,missing,,
theme,Future climate space,yale_4/Birds/Bird Species Distribution WCSP rcp45 2071-2100.tif,Bird future: White-crowned Sparrow,Blues,continuous,,km2*,FALSE,TRUE,missing,,
theme,Future climate space,yale_4/Birds/Bird Species Distribution WEBL rcp45 2071-2100.tif,Bird future: Western Bluebird,Blues,continuous,,km2*,FALSE,TRUE,missing,,
theme,Future climate space,yale_4/Birds/Bird Species Distribution WEKI rcp45 2071-2100.tif,Bird future: Western Kingbird,Blues,continuous,,km2*,FALSE,TRUE,missing,,
theme,Future climate space,yale_4/Birds/Bird Species Distribution WEME rcp45 2071-2100.tif,Bird future: Western Meadowlark,Blues,continuous,,km2*,FALSE,TRUE,missing,,
theme,Future climate space,yale_4/Birds/Bird Species Distribution WETA rcp45 2071-2100.tif,Bird future: Western Tanager,Blues,continuous,,km2*,FALSE,TRUE,missing,,
theme,Future climate space,yale_4/Birds/Bird Species Distribution WIFL rcp45 2071-2100.tif,Bird future: Willow Flycatcher,Blues,continuous,,km2*,FALSE,TRUE,missing,,
theme,Future climate space,yale_4/Birds/Bird Species Distribution WIPH rcp45 2071-2100.tif,Bird future: Wilson's Phalarope,Blues,continuous,,km2*,FALSE,TRUE,missing,,
theme,Future climate space,yale_4/Birds/Bird Species Distribution WIPT rcp45 2071-2100.tif,Bird future: Willow Ptarmigan,Blues,continuous,,km2*,FALSE,TRUE,missing,,
theme,Future climate space,yale_4/Birds/Bird Species Distribution WISA rcp45 2071-2100.tif,Bird future: Williamson's Sapsucker,Blues,continuous,,km2*,FALSE,TRUE,missing,,
theme,Future climate space,yale_4/Birds/Bird Species Distribution WISN rcp45 2071-2100.tif,Bird future: Wilson's Snipe,Blues,continuous,,km2*,FALSE,TRUE,missing,,
theme,Future climate space,yale_4/Birds/Bird Species Distribution WITU rcp45 2071-2100.tif,Bird future: Wild Turkey,Blues,continuous,,km2*,FALSE,TRUE,missing,,
theme,Future climate space,yale_4/Birds/Bird Species Distribution WIWA rcp45 2071-2100.tif,Bird future: Wilson's Warbler,Blues,continuous,,km2*,FALSE,TRUE,missing,,
theme,Future climate space,yale_4/Birds/Bird Species Distribution WODU rcp45 2071-2100.tif,Bird future: Wood Duck,Blues,continuous,,km2*,FALSE,TRUE,missing,,
theme,Future climate space,yale_4/Birds/Bird Species Distribution WTSP rcp45 2071-2100.tif,Bird future: White-throated Sparrow,Blues,continuous,,km2*,FALSE,TRUE,missing,,
theme,Future climate space,yale_4/Birds/Bird Species Distribution WTSW rcp45 2071-2100.tif,Bird future: White-throated Swift,Blues,continuous,,km2*,FALSE,TRUE,missing,,
theme,Future climate space,yale_4/Birds/Bird Species Distribution WWCR rcp45 2071-2100.tif,Bird future: White-winged Crossbill,Blues,continuous,,km2*,FALSE,TRUE,missing,,
theme,Future climate space,yale_4/Birds/Bird Species Distribution YBFL rcp45 2071-2100.tif,Bird future: Yellow-bellied Flycatcher,Blues,continuous,,km2*,FALSE,TRUE,missing,,
theme,Future climate space,yale_4/Birds/Bird Species Distribution YBSA rcp45 2071-2100.tif,Bird future: Yellow-bellied Sapsucker,Blues,continuous,,km2*,FALSE,TRUE,missing,,
theme,Future climate space,yale_4/Birds/Bird Species Distribution YEWA rcp45 2071-2100.tif,Bird future: Yellow Warbler,Blues,continuous,,km2*,FALSE,TRUE,missing,,
theme,Future climate space,yale_4/Birds/Bird Species Distribution YHBL rcp45 2071-2100.tif,Bird future: Yellow-headed Blackbird,Blues,continuous,,km2*,FALSE,TRUE,missing,,
theme,Future climate space,yale_4/Birds/Bird Species Distribution YRWA rcp45 2071-2100.tif,Bird future: Yellow-rumped Warbler,Blues,continuous,,km2*,FALSE,TRUE,missing,,
